case,W_m,AR,mode,u_avg_m_s,freq_Hz,t_end_s,n_per_w,walltime,figure_note
fig2_ar1_steady,1e-3,1,steady,0.15,0,1.0,40,08:00:00,Fig 2 AR=1:1 steady flow
fig2_ar5_steady,1e-3,5,steady,0.15,0,1.0,40,08:00:00,Fig 2 AR=5:1 steady flow
fig2_ar1_osc20k,1e-3,1,osc,0.15,20000,1.0,40,72:00:00,Fig 2 AR=1:1 oscillating 20 kHz
fig2_ar5_osc20k,1e-3,5,osc,0.15,20000,1.0,40,72:00:00,Fig 2 AR=5:1 oscillating 20 kHz
fig4_f2k,1e-6,1,osc,0.15,2000,4e-4,40,06:00:00,Fig 4 W=D=1um St=0.0042
fig4_f20k,1e-6,1,osc,0.15,20000,4e-4,40,06:00:00,Fig 4 W=D=1um St=0.0424
fig4_f200k,1e-6,1,osc,0.15,200000,4e-4,40,06:00:00,Fig 4 W=D=1um St=0.4244
fig4_f800k,1e-6,1,osc,0.15,800000,4e-4,40,08:00:00,Fig 4 W=D=1um St=1.698
fig4_f2000k,1e-6,1,osc,0.15,2000000,4e-4,40,12:00:00,Fig 4 W=D=1um St=4.244
fig3_w1mm_ar1_st0.01,1e-3,1,osc,0.15,4.712,1.0,40,08:00:00,Fig 3 AR=1 W=1mm t=1s
fig3_w1mm_ar1_st0.133,1e-3,1,osc,0.15,62.67,1.0,40,08:00:00,Fig 3 AR=1 W=1mm t=1s
fig3_w1mm_ar1_st1,1e-3,1,osc,0.15,471.2,1.0,40,08:00:00,Fig 3 AR=1 W=1mm t=1s
fig3_w1mm_ar1_st10,1e-3,1,osc,0.15,4712,1.0,40,24:00:00,Fig 3 AR=1 W=1mm t=1s
fig3_w100um_ar1_st0.01,1e-4,1,osc,0.15,47.12,0.1,40,08:00:00,Fig 3 AR=1 W=100um t=0.1s
fig3_w100um_ar1_st0.133,1e-4,1,osc,0.15,626.7,0.1,40,08:00:00,Fig 3 AR=1 W=100um t=0.1s
fig3_w100um_ar1_st1,1e-4,1,osc,0.15,4712,0.1,40,08:00:00,Fig 3 AR=1 W=100um t=0.1s
fig3_w100um_ar1_st10,1e-4,1,osc,0.15,47120,0.1,40,24:00:00,Fig 3 AR=1 W=100um t=0.1s
fig3_w1mm_ar5_st0.01,1e-3,5,osc,0.15,4.712,1.0,40,08:00:00,Fig 3 AR=5 D=5mm W=1mm t=1s
fig3_w1mm_ar5_st0.133,1e-3,5,osc,0.15,62.67,1.0,40,08:00:00,Fig 3 AR=5 D=5mm W=1mm t=1s
fig3_w1mm_ar5_st1,1e-3,5,osc,0.15,471.2,1.0,40,08:00:00,Fig 3 AR=5 D=5mm W=1mm t=1s
fig3_w1mm_ar5_st10,1e-3,5,osc,0.15,4712,1.0,40,24:00:00,Fig 3 AR=5 D=5mm W=1mm t=1s
fig3_w100um_ar5_st0.01,1e-4,5,osc,0.15,47.12,0.1,40,08:00:00,Fig 3 AR=5 D=500um W=100um t=0.1s
fig3_w100um_ar5_st0.133,1e-4,5,osc,0.15,626.7,0.1,40,08:00:00,Fig 3 AR=5 D=500um W=100um t=0.1s
fig3_w100um_ar5_st1,1e-4,5,osc,0.15,4712,0.1,40,08:00:00,Fig 3 AR=5 D=500um W=100um t=0.1s
fig3_w100um_ar5_st10,1e-4,5,osc,0.15,47120,0.1,40,24:00:00,Fig 3 AR=5 D=500um W=100um t=0.1s
